CustID,CardID,BookingDate,Store,TransactionType,Revenue,RevenueInc.,Qty,Price/Article
1601060367199,59681386599,2017-05-15,4,1,145.63,137.63,4.0,36.41
1601060367199,59681386599,2017-06-08,3,1,115.51,115.51,2.0,57.76
1601060367199,59681386599,2017-06-23,9,1,15.34,15.34,1.0,15.34
1601060367199,59681386599,2017-06-26,7,1,30.67,30.67,2.0,15.34
1601060367199,59681386599,2017-07-14,9,1,31.94,31.94,1.0,31.94
1601060367199,59681386599,2017-08-04,8,1,24.16,24.16,1.0,24.16
1601060367199,59681386599,2017-09-06,8,1,36.41,34.41,1.0,36.41
1601060367199,59681386599,2017-09-10,3,1,28.54,28.54,1.0,28.54
1601060367199,59681386599,2017-09-24,3,1,69.0,69.0,2.0,34.5
1601060367199,59681386599,2017-10-12,8,1,34.5,34.5,1.0,34.5
1601060367199,59681386599,2017-11-10,5,1,36.41,34.41,1.0,36.41
1601060367199,59681386599,2017-11-30,3,1,28.54,28.54,1.0,28.54
1601060367199,59681386599,2017-12-16,10,1,46.5,45.5,1.0,46.5
1601060367199,59681386599,2018-01-04,2,1,72.82,68.82,2.0,36.41
1601060367199,59681386599,2018-01-30,9,3,54.4,54.4,1.0,54.4
1601060367199,59681386599,2018-02-04,2,1,28.54,28.54,1.0,28.54
1601060367199,59681386599,2018-02-04,8,1,57.76,57.76,1.0,57.76
1601060367199,59681386599,2018-02-16,9,1,24.16,24.16,1.0,24.16
1601060367199,59681386599,2018-02-18,7,1,45.49,45.49,1.0,45.49
1601060367199,59681386599,2018-02-24,4,1,56.46,56.46,1.0,56.46
1601060367199,59681386599,2018-02-28,6,1,36.41,34.41,1.0,36.41
1601060367199,59681386599,2018-03-21,3,1,36.41,34.41,1.0,36.41
1601060367199,59681386599,2018-04-28,2,1,38.16,37.16,1.0,38.16
1601060367199,59681386599,2018-06-18,6,1,46.01,46.01,3.0,15.34
1601060367199,59681386599,2018-06-21,6,1,46.5,45.5,1.0,46.5
1601060367199,59681386599,2018-06-25,7,1,24.16,24.16,1.0,24.16
1601060367199,59681386599,2018-07-14,6,1,46.5,45.5,1.0,46.5
1601060367199,59681386599,2018-07-21,7,1,225.84,225.84,4.0,56.46
1601060367199,59681386599,2018-07-31,5,1,31.94,31.94,1.0,31.94
1604011635399,55827754899,2017-05-28,9,3,28.54,28.54,1.0,28.54
1604011635399,55827754899,2017-08-24,1,1,39.42,39.42,1.0,39.42
1604011635399,55827754899,2017-08-25,8,1,41.88,41.88,1.0,41.88
1604011635399,55827754899,2017-10-10,1,1,127.85,127.85,7.0,18.26
1604011635399,55827754899,2017-11-30,6,1,46.5,45.5,1.0,46.5
1604011635399,55827754899,2018-03-10,10,1,25.91,25.91,1.0,25.91
1604011635399,55827754899,2018-04-16,5,1,25.91,25.91,1.0,25.91
1604011635399,55827754899,2018-07-18,2,1,24.16,24.16,1.0,24.16
1604121617999,75304280399,2017-06-28,5,1,18.26,18.26,1.0,18.26
1604121617999,75304280399,2017-08-08,6,1,54.4,54.4,1.0,54.4
1604121617999,75304280399,2017-09-19,10,1,54.4,54.4,1.0,54.4
1604121617999,75304280399,2017-11-11,9,1,28.54,28.54,1.0,28.54
1604121617999,75304280399,2017-12-11,7,1,36.41,34.41,1.0,36.41
1604121617999,75304280399,2017-12-19,9,1,56.46,56.46,1.0,56.46
1604121617999,75304280399,2018-01-10,10,1,31.94,31.94,1.0,31.94
1604121617999,75304280399,2018-01-24,10,1,46.5,45.5,1.0,46.5
1604121617999,75304280399,2018-01-29,6,1,118.26,118.26,3.0,39.42
1604121617999,75304280399,2018-06-16,8,3,25.91,25.91,1.0,25.91
1604121617999,75304280399,2018-07-12,2,1,181.36,181.36,7.0,25.91
1604121617999,75304280399,2018-07-22,5,1,31.94,31.94,1.0,31.94
1605041917999,44317763699,2017-05-12,4,1,31.94,31.94,1.0,31.94
1605041917999,44317763699,2017-10-03,1,1,24.16,24.16,1.0,24.16
1605041917999,44317763699,2017-10-28,1,1,41.88,41.88,1.0,41.88
1605041917999,44317763699,2017-12-14,1,1,57.76,57.76,1.0,57.76
1605041917999,44317763699,2017-12-30,1,1,56.46,56.46,1.0,56.46
1605041917999,44317763699,2018-02-12,10,1,31.94,31.94,1.0,31.94
1605041917999,44317763699,2018-03-08,1,1,24.16,24.16,1.0,24.16
1605041917999,44317763699,2018-06-27,4,1,39.42,39.42,1.0,39.42
1610010812799,71754214299,2017-05-07,4,1,38.16,37.16,1.0,38.16
1610010812799,71754214299,2017-05-11,4,1,217.58,217.58,4.0,54.4
1610010812799,71754214299,2017-05-22,4,1,45.49,45.49,1.0,45.49
1610010812799,71754214299,2017-10-18,2,1,34.5,34.5,1.0,34.5
1610010812799,71754214299,2017-10-29,10,1,57.76,57.76,1.0,57.76
1610010812799,71754214299,2018-02-11,10,1,57.76,57.76,1.0,57.76
1610010812799,71754214299,2018-02-27,9,3,57.76,57.76,1.0,57.76
1610010812799,71754214299,2018-03-22,7,1,41.88,41.88,1.0,41.88
1612012787599,27924459899,2017-05-03,4,1,96.62,96.62,4.0,24.16
1612012787599,27924459899,2017-06-28,3,1,46.5,45.5,1.0,46.5
1612012787599,27924459899,2017-08-01,9,1,380.77,380.77,7.0,54.4
1612012787599,27924459899,2017-09-30,5,1,93.0,91.0,2.0,46.5
1612012787599,27924459899,2017-10-05,3,1,18.26,18.26,1.0,18.26
1612012787599,27924459899,2017-10-09,10,1,46.5,45.5,1.0,46.5
1612012787599,27924459899,2017-11-11,1,1,72.82,68.82,2.0,36.41
1612012787599,27924459899,2018-01-02,1,1,73.06,73.06,4.0,18.26
1612012787599,27924459899,2018-01-25,8,1,45.49,45.49,1.0,45.49
1612012787599,27924459899,2018-01-31,8,1,18.26,18.26,1.0,18.26
1612012787599,27924459899,2018-02-21,10,1,24.16,24.16,1.0,24.16
1612012787599,27924459899,2018-03-05,5,1,61.34,61.34,4.0,15.34
1612012787599,27924459899,2018-04-30,9,1,25.91,25.91,1.0,25.91
1614101001599,82364801499,2017-05-04,8,1,28.54,28.54,1.0,28.54
1614101001599,82364801499,2017-07-17,3,1,56.46,56.46,1.0,56.46
1614101001599,82364801499,2017-07-21,6,1,31.94,31.94,1.0,31.94
1614101001599,82364801499,2017-08-02,9,1,31.94,31.94,1.0,31.94
1614101001599,82364801499,2017-09-03,9,1,125.64,125.64,3.0,41.88
1614101001599,82364801499,2017-09-19,6,1,45.49,45.49,1.0,45.49
1614101001599,82364801499,2017-10-28,7,1,152.64,148.64,4.0,38.16
1614101001599,82364801499,2017-12-21,3,1,38.16,37.16,1.0,38.16
1614101001599,82364801499,2018-02-13,1,1,56.46,56.46,1.0,56.46
1614101001599,82364801499,2018-03-14,9,1,18.26,18.26,1.0,18.26
1614101001599,82364801499,2018-04-08,1,1,24.16,24.16,1.0,24.16
1614101001599,82364801499,2018-06-14,8,1,57.76,57.76,1.0,57.76
1614102403899,48437596099,2017-07-08,9,3,63.89,63.89,2.0,31.94
1614102403899,48437596099,2017-07-11,2,3,56.46,56.46,1.0,56.46
1614102403899,48437596099,2018-03-09,4,1,39.42,39.42,1.0,39.42
1614102403899,48437596099,2018-04-10,1,1,36.41,34.41,1.0,36.41
1614102403899,48437596099,2018-04-17,7,1,41.88,41.88,1.0,41.88
1614102403899,48437596099,2018-06-02,7,1,25.91,25.91,1.0,25.91
1614102403899,48437596099,2018-06-17,7,1,380.77,380.77,7.0,54.4
1614102403899,48437596099,2018-06-22,1,1,34.5,34.5,1.0,34.5
1615030107699,58994904699,2017-05-01,6,1,39.42,39.42,1.0,39.42
1615030107699,58994904699,2017-05-07,9,1,38.16,37.16,1.0,38.16
1615030107699,58994904699,2017-05-14,9,1,39.42,39.42,1.0,39.42
1615030107699,58994904699,2017-09-20,4,1,254.86,240.86,7.0,36.41
1615030107699,58994904699,2017-09-22,2,1,28.54,28.54,1.0,28.54
1615030107699,58994904699,2017-10-22,9,1,181.36,181.36,7.0,25.91
1615030107699,58994904699,2017-12-02,8,1,36.41,34.41,1.0,36.41
1615030107699,58994904699,2018-02-04,1,1,46.5,45.5,1.0,46.5
1615030107699,58994904699,2018-03-27,3,1,54.4,54.4,1.0,54.4
1615030107699,58994904699,2018-05-18,1,3,163.19,163.19,3.0,54.4
1615030107699,58994904699,2018-05-21,8,1,41.88,41.88,1.0,41.88
1615030107699,58994904699,2018-07-13,9,1,57.76,57.76,1.0,57.76
1617062811399,78728477699,2017-06-26,4,1,28.54,28.54,1.0,28.54
1617062811399,78728477699,2017-07-07,6,1,45.49,45.49,1.0,45.49
1617062811399,78728477699,2017-07-14,2,1,28.54,28.54,1.0,28.54
1617062811399,78728477699,2017-08-03,9,1,25.91,25.91,1.0,25.91
1617062811399,78728477699,2017-08-31,5,1,39.42,39.42,1.0,39.42
1617062811399,78728477699,2017-09-04,7,1,15.34,15.34,1.0,15.34
1617062811399,78728477699,2017-09-27,3,3,45.49,45.49,1.0,45.49
1617062811399,78728477699,2017-11-12,1,1,46.5,45.5,1.0,46.5
1617062811399,78728477699,2017-11-22,6,1,45.49,45.49,1.0,45.49
1617062811399,78728477699,2017-11-26,4,1,25.91,25.91,1.0,25.91
1617062811399,78728477699,2017-12-02,6,1,39.42,39.42,1.0,39.42
1617062811399,78728477699,2017-12-27,2,1,38.16,37.16,1.0,38.16
1617062811399,78728477699,2018-01-04,3,1,380.77,380.77,7.0,54.4
1617062811399,78728477699,2018-02-03,7,1,56.46,56.46,1.0,56.46
1617062811399,78728477699,2018-03-11,10,1,38.16,37.16,1.0,38.16
1617062811399,78728477699,2018-03-24,4,3,15.34,15.34,1.0,15.34
1617062811399,78728477699,2018-05-05,2,1,57.76,57.76,1.0,57.76
1617062811399,78728477699,2018-07-10,5,1,152.64,148.64,4.0,38.16
1621030698699,34759040699,2017-05-08,3,1,39.42,39.42,1.0,39.42
1621030698699,34759040699,2017-07-29,8,1,231.02,231.02,4.0,57.76
1621030698699,34759040699,2017-11-27,9,1,127.78,127.78,4.0,31.94
1621030698699,34759040699,2018-01-11,4,1,18.26,18.26,1.0,18.26
1621030698699,34759040699,2018-03-01,9,1,31.94,31.94,1.0,31.94
1621030698699,34759040699,2018-03-25,5,1,15.34,15.34,1.0,15.34
1621030698699,34759040699,2018-04-28,2,3,103.63,103.63,4.0,25.91
1621030698699,34759040699,2018-05-04,7,3,18.26,18.26,1.0,18.26
1621030698699,34759040699,2018-05-21,5,1,15.34,15.34,1.0,15.34
1621030698699,34759040699,2018-05-29,2,3,54.4,54.4,1.0,54.4
1621030698699,48219264099,2017-05-01,1,1,181.36,181.36,7.0,25.91
1621030698699,48219264099,2017-05-14,9,1,45.49,45.49,1.0,45.49
1621030698699,48219264099,2017-09-18,10,1,41.88,41.88,1.0,41.88
1621030698699,48219264099,2017-09-22,6,1,45.49,45.49,1.0,45.49
1621030698699,48219264099,2018-02-14,6,1,25.91,25.91,1.0,25.91
1621030698699,48219264099,2018-02-16,5,1,41.88,41.88,1.0,41.88
1621030698699,48219264099,2018-03-21,9,1,41.88,41.88,1.0,41.88
1621030698699,48219264099,2018-04-03,10,1,24.16,24.16,1.0,24.16
1621030698699,48219264099,2018-05-30,6,1,46.01,46.01,3.0,15.34
1621030698699,48219264099,2018-06-17,7,1,72.47,72.47,3.0,24.16
1621030698699,48219264099,2018-07-06,7,1,38.16,37.16,1.0,38.16
1622020818699,59301418999,2017-06-18,2,1,24.16,24.16,1.0,24.16
1622020818699,59301418999,2017-07-01,3,1,24.16,24.16,1.0,24.16
1622020818699,59301418999,2017-08-17,9,1,145.63,137.63,4.0,36.41
1622020818699,59301418999,2017-09-14,1,1,31.94,31.94,1.0,31.94
1622020818699,59301418999,2017-09-14,4,1,103.5,103.5,3.0,34.5
1622020818699,59301418999,2017-10-20,6,3,28.54,28.54,1.0,28.54
1622020818699,59301418999,2017-10-22,6,1,56.46,56.46,1.0,56.46
1622020818699,59301418999,2017-11-11,2,1,103.63,103.63,4.0,25.91
1622020818699,59301418999,2017-11-11,7,1,225.84,225.84,4.0,56.46
1622020818699,59301418999,2018-02-22,7,1,41.88,41.88,1.0,41.88
1622020818699,59301418999,2018-03-23,5,1,173.27,173.27,3.0,57.76
1622020818699,59301418999,2018-04-12,2,1,36.41,34.41,1.0,36.41
1622020818699,59301418999,2018-05-11,8,1,45.49,45.49,1.0,45.49
1622020818699,59301418999,2018-06-15,10,1,28.54,28.54,1.0,28.54
1625080616199,30624301299,2017-07-11,2,1,56.46,56.46,1.0,56.46
1625080616199,30624301299,2017-07-14,5,3,24.16,24.16,1.0,24.16
1625080616199,30624301299,2018-01-16,3,1,18.26,18.26,1.0,18.26
1625080616199,30624301299,2018-01-27,8,1,24.16,24.16,1.0,24.16
1625080616199,30624301299,2018-04-17,4,1,181.36,181.36,7.0,25.91
1625080616199,30624301299,2018-05-05,3,1,103.63,103.63,4.0,25.91
1625101957599,66812863699,2017-05-08,8,1,15.34,15.34,1.0,15.34
1625101957599,66812863699,2017-05-09,1,1,24.16,24.16,1.0,24.16
1625101957599,66812863699,2017-06-24,7,1,34.5,34.5,1.0,34.5
1625101957599,66812863699,2017-07-13,6,1,54.4,54.4,1.0,54.4
1625101957599,66812863699,2017-09-23,10,1,275.94,275.94,7.0,39.42
1625101957599,66812863699,2017-11-05,1,1,36.41,34.41,1.0,36.41
1625101957599,66812863699,2017-11-08,3,1,25.91,25.91,1.0,25.91
1625101957599,66812863699,2017-11-16,2,1,28.54,28.54,1.0,28.54
1625101957599,66812863699,2018-01-05,2,1,41.88,41.88,1.0,41.88
1625101957599,66812863699,2018-01-15,8,1,25.91,25.91,1.0,25.91
1625101957599,66812863699,2018-01-19,4,1,36.41,34.41,1.0,36.41
1625101957599,66812863699,2018-01-19,6,1,45.49,45.49,1.0,45.49
1625101957599,66812863699,2018-01-21,4,1,45.49,45.49,1.0,45.49
1625101957599,66812863699,2018-01-24,7,1,41.88,41.88,1.0,41.88
1625101957599,66812863699,2018-02-10,1,1,25.91,25.91,1.0,25.91
1625101957599,66812863699,2018-02-23,3,1,34.5,34.5,1.0,34.5
1625101957599,66812863699,2018-03-19,8,1,34.5,34.5,1.0,34.5
1625101957599,66812863699,2018-04-17,6,1,36.41,34.41,1.0,36.41
1625101957599,66812863699,2018-04-21,4,1,25.91,25.91,1.0,25.91
1625101957599,66812863699,2018-05-03,5,1,173.27,173.27,3.0,57.76
1625101957599,66812863699,2018-05-10,7,1,54.79,54.79,3.0,18.26
1625101957599,66812863699,2018-05-28,4,1,36.41,34.41,1.0,36.41
1625101957599,66812863699,2018-06-03,2,1,115.51,115.51,2.0,57.76
1625101957599,66812863699,2018-07-21,5,1,34.5,34.5,1.0,34.5
1626091279299,19302247699,2017-05-09,10,1,109.22,103.22,3.0,36.41
1626091279299,19302247699,2017-10-29,1,1,78.84,78.84,2.0,39.42
1626091279299,19302247699,2017-11-13,2,1,15.34,15.34,1.0,15.34
1626091279299,19302247699,2017-12-09,8,1,25.91,25.91,1.0,25.91
1626091279299,19302247699,2018-04-02,2,1,18.26,18.26,1.0,18.26
1626091279299,19302247699,2018-04-09,4,1,39.42,39.42,1.0,39.42
1626091279299,19302247699,2018-04-18,5,1,181.97,181.97,4.0,45.49
1626091279299,19302247699,2018-04-21,8,1,54.4,54.4,1.0,54.4
1626091279299,19302247699,2018-05-01,9,1,18.26,18.26,1.0,18.26
1627022057199,38483897399,2017-05-15,1,1,56.46,56.46,1.0,56.46
1627022057199,38483897399,2017-06-07,8,1,18.26,18.26,1.0,18.26
1627022057199,38483897399,2017-06-22,5,1,18.26,18.26,1.0,18.26
1627022057199,38483897399,2017-08-17,1,1,46.5,45.5,1.0,46.5
1627022057199,38483897399,2017-08-25,10,1,46.5,45.5,1.0,46.5
1627022057199,38483897399,2017-09-07,1,1,38.16,37.16,1.0,38.16
1627022057199,38483897399,2017-09-17,8,1,45.49,45.49,1.0,45.49
1627022057199,38483897399,2017-09-26,7,1,293.16,293.16,7.0,41.88
1627022057199,38483897399,2017-11-16,3,3,38.16,37.16,1.0,38.16
1627022057199,38483897399,2017-12-07,4,1,46.5,45.5,1.0,46.5
1627022057199,38483897399,2018-01-24,6,1,45.49,45.49,1.0,45.49
1627022057199,38483897399,2018-05-09,6,1,24.16,24.16,1.0,24.16
1627022057199,38483897399,2018-05-28,2,1,15.34,15.34,1.0,15.34
1627022057199,38483897399,2018-06-23,5,1,169.09,169.09,7.0,24.16
1627052725299,40804109399,2017-06-29,4,1,31.94,31.94,1.0,31.94
1627052725299,40804109399,2017-07-12,3,1,31.94,31.94,1.0,31.94
1627052725299,40804109399,2017-07-28,9,1,38.16,37.16,1.0,38.16
1627052725299,40804109399,2017-08-10,1,1,39.42,39.42,1.0,39.42
1627052725299,40804109399,2017-08-12,9,1,90.98,90.98,2.0,45.49
1627052725299,40804109399,2017-09-15,4,1,34.5,34.5,1.0,34.5
1627052725299,40804109399,2017-09-28,6,1,41.88,41.88,1.0,41.88
1627052725299,40804109399,2017-12-25,6,1,138.0,138.0,4.0,34.5
1627052725299,40804109399,2018-01-28,3,1,39.42,39.42,1.0,39.42
1627052725299,40804109399,2018-03-03,8,1,36.41,34.41,1.0,36.41
1627052725299,40804109399,2018-03-06,8,1,15.34,15.34,1.0,15.34
1627052725299,40804109399,2018-03-31,5,1,41.88,41.88,1.0,41.88
1627052725299,40804109399,2018-05-15,1,1,46.5,45.5,1.0,46.5
1627052725299,40804109399,2018-05-16,8,1,25.91,25.91,1.0,25.91
1627052725299,40804109399,2018-06-14,4,1,46.5,45.5,1.0,46.5
1627052725299,40804109399,2018-07-06,5,1,152.64,148.64,4.0,38.16
1627052725299,40804109399,2018-07-30,2,1,34.5,34.5,1.0,34.5
1629050575499,26506134899,2017-05-11,9,1,34.5,34.5,1.0,34.5
1629050575499,26506134899,2017-05-25,1,1,38.16,37.16,1.0,38.16
1629050575499,26506134899,2017-06-11,7,3,18.26,18.26,1.0,18.26
1629050575499,26506134899,2017-09-16,4,1,24.16,24.16,1.0,24.16
1629050575499,26506134899,2017-10-25,10,1,41.88,41.88,1.0,41.88
1629050575499,26506134899,2017-10-31,3,1,24.16,24.16,1.0,24.16
1629050575499,26506134899,2017-12-10,1,1,36.41,34.41,1.0,36.41
1629050575499,26506134899,2017-12-13,4,1,56.46,56.46,1.0,56.46
1629050575499,26506134899,2018-01-17,4,1,46.5,45.5,1.0,46.5
1629050575499,26506134899,2018-01-18,10,3,41.88,41.88,1.0,41.88
1629050575499,26506134899,2018-03-09,3,3,18.26,18.26,1.0,18.26
1629050575499,26506134899,2018-04-11,4,3,217.58,217.58,4.0,54.4
1629050575499,26506134899,2018-05-27,4,1,54.4,54.4,1.0,54.4
1629050575499,26506134899,2018-06-04,8,1,24.16,24.16,1.0,24.16
1629050575499,26506134899,2018-07-26,5,1,56.46,56.46,1.0,56.46
1631041057099,1486109099,2017-05-07,1,1,39.42,39.42,1.0,39.42
1631041057099,1486109099,2017-06-14,3,1,41.88,41.88,1.0,41.88
1631041057099,1486109099,2017-06-28,9,1,34.5,34.5,1.0,34.5
1631041057099,1486109099,2017-09-01,10,1,46.5,45.5,1.0,46.5
1631041057099,1486109099,2017-12-23,6,1,39.42,39.42,1.0,39.42
1631041057099,1486109099,2017-12-31,4,1,36.41,34.41,1.0,36.41
1631041057099,1486109099,2018-01-09,4,1,25.91,25.91,1.0,25.91
1631041057099,1486109099,2018-03-11,3,1,46.5,45.5,1.0,46.5
1631041057099,1486109099,2018-03-17,9,3,38.16,37.16,1.0,38.16
1631041057099,1486109099,2018-04-04,9,1,57.76,57.76,1.0,57.76
1631041057099,1486109099,2018-05-29,6,1,31.94,31.94,1.0,31.94
1631041057099,1486109099,2018-07-02,10,1,46.5,45.5,1.0,46.5
1631041057099,1486109099,2018-07-03,5,1,31.94,31.94,1.0,31.94
1631041057099,1486109099,2018-07-11,4,1,54.4,54.4,1.0,54.4
1632010113199,14374117099,2017-05-10,6,1,118.26,118.26,3.0,39.42
1632010113199,14374117099,2017-05-10,9,1,36.41,34.41,1.0,36.41
1632010113199,14374117099,2017-05-20,4,1,267.12,260.12,7.0,38.16
1632010113199,14374117099,2017-06-14,6,1,56.46,56.46,1.0,56.46
1632010113199,14374117099,2017-07-13,5,1,36.41,34.41,1.0,36.41
1632010113199,14374117099,2017-07-20,1,1,54.4,54.4,1.0,54.4
1632010113199,14374117099,2017-09-12,5,1,38.16,37.16,1.0,38.16
1632010113199,14374117099,2017-10-14,5,1,46.5,45.5,1.0,46.5
1632010113199,14374117099,2017-12-01,5,1,38.16,37.16,1.0,38.16
1632010113199,14374117099,2017-12-27,5,1,36.41,34.41,1.0,36.41
1632010113199,14374117099,2018-01-05,6,1,39.42,39.42,1.0,39.42
1632010113199,14374117099,2018-01-13,4,1,15.34,15.34,1.0,15.34
1632010113199,14374117099,2018-02-23,6,1,36.41,34.41,1.0,36.41
1632010113199,14374117099,2018-04-15,9,1,38.16,37.16,1.0,38.16
1632010113199,14374117099,2018-04-22,5,1,31.94,31.94,1.0,31.94
1632010113199,14374117099,2018-04-27,5,1,46.5,45.5,1.0,46.5
1632010113199,14374117099,2018-06-05,10,1,31.94,31.94,1.0,31.94
1632010113199,14374117099,2018-06-19,9,1,18.26,18.26,1.0,18.26
1632010113199,14374117099,2018-06-28,8,1,45.49,45.49,1.0,45.49
1632010113199,14374117099,2018-07-16,10,1,54.4,54.4,1.0,54.4
1634022034099,85567458499,2017-05-15,5,1,31.94,31.94,1.0,31.94
1634022034099,85567458499,2017-07-05,3,1,25.91,25.91,1.0,25.91
1634022034099,85567458499,2017-07-10,3,1,15.34,15.34,1.0,15.34
1634022034099,85567458499,2017-09-03,4,1,39.42,39.42,1.0,39.42
1634022034099,85567458499,2017-09-04,6,1,127.85,127.85,7.0,18.26
1634022034099,85567458499,2017-12-30,4,1,18.26,18.26,1.0,18.26
1634022034099,85567458499,2018-01-13,1,1,57.76,57.76,1.0,57.76
1634022034099,85567458499,2018-01-14,8,3,39.42,39.42,1.0,39.42
1634022034099,85567458499,2018-02-09,6,1,34.5,34.5,1.0,34.5
1634022034099,85567458499,2018-04-24,6,1,93.0,91.0,2.0,46.5
1636072149499,25929476999,2017-05-25,3,1,36.41,34.41,1.0,36.41
1636072149499,25929476999,2017-08-05,6,1,181.97,181.97,4.0,45.49
1636072149499,25929476999,2018-01-12,1,1,45.49,45.49,1.0,45.49
1636072149499,25929476999,2018-03-02,5,1,28.54,28.54,1.0,28.54
1636072149499,25929476999,2018-04-15,4,1,125.64,125.64,3.0,41.88
1636072149499,25929476999,2018-04-30,10,1,48.31,48.31,2.0,24.16
1636072149499,25929476999,2018-05-06,9,1,90.98,90.98,2.0,45.49
1636072149499,25929476999,2018-05-23,1,1,318.44,318.44,7.0,45.49
1636072149499,25929476999,2018-07-07,8,1,31.94,31.94,1.0,31.94
1636081379499,69235107099,2017-07-15,6,1,45.49,45.49,1.0,45.49
1636081379499,69235107099,2017-07-29,4,1,31.94,31.94,1.0,31.94
1636081379499,69235107099,2017-08-11,7,1,25.91,25.91,1.0,25.91
1636081379499,69235107099,2017-11-07,4,1,109.22,103.22,3.0,36.41
1636081379499,69235107099,2018-01-24,5,1,34.5,34.5,1.0,34.5
1636081379499,69235107099,2018-01-31,5,1,46.5,45.5,1.0,46.5
1636081379499,69235107099,2018-04-25,8,1,28.54,28.54,1.0,28.54
1636081379499,69235107099,2018-04-28,2,1,39.42,39.42,1.0,39.42
1638072450399,58929958299,2017-06-05,9,1,56.46,56.46,1.0,56.46
1638072450399,58929958299,2017-07-02,9,1,46.5,45.5,1.0,46.5
1638072450399,58929958299,2017-07-20,3,1,103.63,103.63,4.0,25.91
1638072450399,58929958299,2017-09-19,10,1,103.5,103.5,3.0,34.5
1638072450399,58929958299,2017-09-21,5,1,18.26,18.26,1.0,18.26
1638072450399,58929958299,2017-09-28,6,1,404.29,404.29,7.0,57.76
1638072450399,58929958299,2017-09-30,7,1,363.94,363.94,8.0,45.49
1638072450399,58929958299,2018-01-14,4,1,45.49,45.49,1.0,45.49
1638072450399,58929958299,2018-03-27,9,1,39.42,39.42,1.0,39.42
1638072450399,58929958299,2018-03-29,1,1,28.54,28.54,1.0,28.54
1638072450399,58929958299,2018-07-14,1,1,56.46,56.46,1.0,56.46
1638072450399,75951562599,2017-06-10,8,1,18.26,18.26,1.0,18.26
1638072450399,75951562599,2017-07-14,6,1,163.19,163.19,3.0,54.4
1638072450399,75951562599,2017-09-17,7,1,41.88,41.88,1.0,41.88
1638072450399,75951562599,2017-10-09,9,1,31.94,31.94,1.0,31.94
1638072450399,75951562599,2017-10-11,1,1,24.16,24.16,1.0,24.16
1638072450399,75951562599,2017-10-19,3,1,56.46,56.46,1.0,56.46
1638072450399,75951562599,2018-01-12,4,1,46.5,45.5,1.0,46.5
1638072450399,75951562599,2018-03-03,10,1,31.94,31.94,1.0,31.94
1638072450399,75951562599,2018-03-08,2,1,34.5,34.5,1.0,34.5
1638072450399,75951562599,2018-04-01,7,1,404.29,404.29,7.0,57.76
1638072450399,75951562599,2018-04-07,1,1,15.34,15.34,1.0,15.34
1639012763899,78973681999,2017-05-12,4,1,18.26,18.26,1.0,18.26
1639012763899,78973681999,2017-06-13,9,1,34.5,34.5,1.0,34.5
1639012763899,78973681999,2017-07-15,7,1,38.16,37.16,1.0,38.16
1639012763899,78973681999,2017-07-16,3,1,46.5,45.5,1.0,46.5
1639012763899,78973681999,2017-07-18,1,1,54.4,54.4,1.0,54.4
1639012763899,78973681999,2017-08-19,3,1,34.5,34.5,1.0,34.5
1639012763899,78973681999,2017-11-18,2,1,57.07,57.07,2.0,28.54
1639012763899,78973681999,2017-12-10,6,1,31.94,31.94,1.0,31.94
1639012763899,78973681999,2018-05-08,3,1,38.16,37.16,1.0,38.16
1639012763899,78973681999,2018-05-30,3,1,77.72,77.72,3.0,25.91
1639012763899,78973681999,2018-06-29,6,1,18.26,18.26,1.0,18.26
1639012763899,78973681999,2018-07-28,7,1,186.0,182.0,4.0,46.5
1640072467199,14379876899,2017-05-24,9,3,15.34,15.34,1.0,15.34
1640072467199,14379876899,2017-05-29,9,1,41.88,41.88,1.0,41.88
1640072467199,14379876899,2017-06-19,7,1,28.54,28.54,1.0,28.54
1640072467199,14379876899,2017-07-12,2,1,38.16,37.16,1.0,38.16
1640072467199,14379876899,2017-08-09,3,3,28.54,28.54,1.0,28.54
1640072467199,14379876899,2017-08-14,7,1,46.5,45.5,1.0,46.5
1640072467199,14379876899,2017-09-02,2,1,31.94,31.94,1.0,31.94
1640072467199,14379876899,2017-09-12,1,1,28.54,28.54,1.0,28.54
1640072467199,14379876899,2017-10-18,1,1,46.5,45.5,1.0,46.5
1640072467199,14379876899,2017-11-05,4,1,112.92,112.92,2.0,56.46
1640072467199,14379876899,2017-11-12,5,1,34.5,34.5,1.0,34.5
1640072467199,14379876899,2017-11-13,7,1,25.91,25.91,1.0,25.91
1640072467199,14379876899,2017-11-20,4,1,54.4,54.4,1.0,54.4
1640072467199,14379876899,2017-11-28,4,1,114.48,111.48,3.0,38.16
1640072467199,14379876899,2017-12-23,8,1,38.16,37.16,1.0,38.16
1640072467199,14379876899,2018-02-03,8,1,46.5,45.5,1.0,46.5
1640072467199,14379876899,2018-02-19,6,1,15.34,15.34,1.0,15.34
1640072467199,14379876899,2018-03-03,3,1,45.49,45.49,1.0,45.49
1640072467199,14379876899,2018-03-03,4,1,41.88,41.88,1.0,41.88
1640072467199,14379876899,2018-04-08,6,1,28.54,28.54,1.0,28.54
1640072467199,14379876899,2018-05-20,4,1,45.49,45.49,1.0,45.49
1640072467199,14379876899,2018-06-08,7,1,325.5,318.5,7.0,46.5
1640072467199,14379876899,2018-07-12,9,1,38.16,37.16,1.0,38.16
1640072467199,43966876099,2017-07-23,6,1,78.84,78.84,2.0,39.42
1640072467199,43966876099,2017-08-26,5,1,24.16,24.16,1.0,24.16
1640072467199,43966876099,2017-08-31,8,1,25.91,25.91,1.0,25.91
1640072467199,43966876099,2017-09-08,5,1,77.72,77.72,3.0,25.91
1640072467199,43966876099,2018-03-07,3,3,54.4,54.4,1.0,54.4
1640072467199,43966876099,2018-05-02,2,1,18.26,18.26,1.0,18.26
1640072467199,43966876099,2018-07-15,10,1,45.49,45.49,1.0,45.49
1640072467199,43966876099,2018-07-23,2,1,85.61,85.61,3.0,28.54
1644070584999,12250261099,2017-05-04,2,1,56.46,56.46,1.0,56.46
1644070584999,12250261099,2017-05-13,1,1,38.16,37.16,1.0,38.16
1644070584999,12250261099,2017-05-20,1,1,24.16,24.16,1.0,24.16
1644070584999,12250261099,2017-06-21,8,1,56.46,56.46,1.0,56.46
1644070584999,12250261099,2017-07-01,9,1,39.42,39.42,1.0,39.42
1644070584999,12250261099,2017-07-03,6,1,169.38,169.38,3.0,56.46
1644070584999,12250261099,2017-08-29,4,1,54.4,54.4,1.0,54.4
1644070584999,12250261099,2017-12-01,6,1,241.5,241.5,7.0,34.5
1644070584999,12250261099,2018-02-01,6,1,41.88,41.88,1.0,41.88
1644070584999,12250261099,2018-02-20,5,1,41.88,41.88,1.0,41.88
1644070584999,12250261099,2018-02-21,1,1,45.49,45.49,1.0,45.49
1644070584999,12250261099,2018-05-04,2,1,57.76,57.76,1.0,57.76
1644070584999,12250261099,2018-06-03,8,1,24.16,24.16,1.0,24.16
1644070584999,12250261099,2018-06-07,8,1,96.62,96.62,4.0,24.16
1644071748099,98553018699,2017-06-24,9,1,28.54,28.54,1.0,28.54
1644071748099,98553018699,2017-07-07,5,1,28.54,28.54,1.0,28.54
1644071748099,98553018699,2017-07-24,2,1,38.16,37.16,1.0,38.16
1644071748099,98553018699,2017-07-30,6,1,138.0,138.0,4.0,34.5
1644071748099,98553018699,2017-09-01,8,1,24.16,24.16,1.0,24.16
1644071748099,98553018699,2017-10-08,10,1,54.4,54.4,1.0,54.4
1644071748099,98553018699,2018-01-16,7,1,38.16,37.16,1.0,38.16
1644071748099,98553018699,2018-01-29,2,3,152.64,148.64,4.0,38.16
1644071748099,98553018699,2018-02-23,6,1,38.16,37.16,1.0,38.16
1644071748099,98553018699,2018-03-30,3,1,54.4,54.4,1.0,54.4
1644071748099,98553018699,2018-03-31,6,1,54.4,54.4,1.0,54.4
1644071748099,98553018699,2018-04-28,2,1,163.19,163.19,3.0,54.4
1645052720699,66427326499,2017-08-22,9,1,57.76,57.76,1.0,57.76
1645052720699,66427326499,2017-08-28,1,1,46.5,45.5,1.0,46.5
1645052720699,66427326499,2017-09-07,7,1,15.34,15.34,1.0,15.34
1645052720699,66427326499,2017-10-17,6,1,31.94,31.94,1.0,31.94
1645052720699,66427326499,2017-10-23,3,1,24.16,24.16,1.0,24.16
1645052720699,66427326499,2017-11-19,1,1,38.16,37.16,1.0,38.16
1645052720699,66427326499,2017-11-21,7,1,45.49,45.49,1.0,45.49
1645052720699,66427326499,2017-11-30,2,1,57.76,57.76,1.0,57.76
1645052720699,66427326499,2018-01-17,6,1,46.5,45.5,1.0,46.5
1645052720699,66427326499,2018-02-02,7,1,56.46,56.46,1.0,56.46
1645052720699,66427326499,2018-02-09,1,1,56.46,56.46,1.0,56.46
1645052720699,66427326499,2018-02-11,7,1,57.76,57.76,1.0,57.76
1645052720699,66427326499,2018-03-02,6,1,78.84,78.84,2.0,39.42
1645052720699,66427326499,2018-04-09,1,1,46.5,45.5,1.0,46.5
1645052720699,66427326499,2018-05-18,2,1,45.49,45.49,1.0,45.49
1645052720699,66427326499,2018-05-20,5,1,46.5,45.5,1.0,46.5
1645052720699,66427326499,2018-07-01,1,1,31.94,31.94,1.0,31.94
1645052720699,66427326499,2018-07-26,1,1,15.34,15.34,1.0,15.34
1647082341099,49492115699,2017-05-03,4,1,45.49,45.49,1.0,45.49
1647082341099,49492115699,2017-05-15,9,1,57.76,57.76,1.0,57.76
1647082341099,49492115699,2017-05-21,6,3,25.91,25.91,1.0,25.91
1647082341099,49492115699,2017-05-27,3,1,45.49,45.49,1.0,45.49
1647082341099,49492115699,2017-06-10,4,1,169.38,169.38,3.0,56.46
1647082341099,49492115699,2017-09-28,5,1,39.42,39.42,1.0,39.42
1647082341099,49492115699,2017-10-04,2,1,54.79,54.79,3.0,18.26
1647082341099,49492115699,2017-10-06,5,1,28.54,28.54,1.0,28.54
1647082341099,49492115699,2017-10-14,10,1,38.16,37.16,1.0,38.16
1647082341099,49492115699,2017-11-15,9,1,112.92,112.92,2.0,56.46
1647082341099,49492115699,2017-11-21,7,1,56.46,56.46,1.0,56.46
1647082341099,49492115699,2018-03-01,3,1,34.5,34.5,1.0,34.5
1647082341099,49492115699,2018-04-20,9,1,39.42,39.42,1.0,39.42
1647082341099,49492115699,2018-05-22,6,1,46.5,45.5,1.0,46.5
1647082341099,49492115699,2018-06-02,5,1,46.5,45.5,1.0,46.5
1647082341099,49492115699,2018-06-13,5,1,54.4,54.4,1.0,54.4
1647082341099,49492115699,2018-06-17,3,1,39.42,39.42,1.0,39.42
1647112960999,71582711699,2017-05-11,4,1,34.5,34.5,1.0,34.5
1647112960999,71582711699,2017-06-10,7,1,15.34,15.34,1.0,15.34
1647112960999,71582711699,2017-07-05,3,1,169.09,169.09,7.0,24.16
1647112960999,71582711699,2017-08-11,9,1,15.34,15.34,1.0,15.34
1647112960999,71582711699,2017-10-06,9,1,107.35,107.35,7.0,15.34
1647112960999,71582711699,2017-11-24,6,1,30.67,30.67,2.0,15.34
1647112960999,71582711699,2017-12-19,3,1,109.22,103.22,3.0,36.41
1647112960999,71582711699,2018-01-22,10,1,25.91,25.91,1.0,25.91
1647112960999,71582711699,2018-01-28,4,1,38.16,37.16,1.0,38.16
1647112960999,71582711699,2018-02-17,3,1,28.54,28.54,1.0,28.54
1647112960999,71582711699,2018-02-23,7,1,18.26,18.26,1.0,18.26
1647112960999,71582711699,2018-03-02,10,1,54.4,54.4,1.0,54.4
1647112960999,71582711699,2018-04-07,9,1,39.42,39.42,1.0,39.42
1647112960999,71582711699,2018-04-11,7,1,31.94,31.94,1.0,31.94
1647112960999,71582711699,2018-05-09,7,1,36.41,34.41,1.0,36.41
1647112960999,71582711699,2018-05-10,7,1,28.54,28.54,1.0,28.54
1647112960999,71582711699,2018-07-05,3,1,24.16,24.16,1.0,24.16
1648032692999,79903631099,2017-05-05,2,1,77.72,77.72,3.0,25.91
1648032692999,79903631099,2017-05-27,6,1,152.64,148.64,4.0,38.16
1648032692999,79903631099,2017-06-06,2,1,41.88,41.88,1.0,41.88
1648032692999,79903631099,2017-07-15,9,1,127.85,127.85,7.0,18.26
1648032692999,79903631099,2017-07-15,10,1,28.54,28.54,1.0,28.54
1648032692999,79903631099,2017-09-01,3,1,57.76,57.76,1.0,57.76
1648032692999,79903631099,2017-10-05,10,1,167.52,167.52,4.0,41.88
1648032692999,79903631099,2017-12-07,6,1,39.42,39.42,1.0,39.42
1648032692999,79903631099,2018-01-19,9,1,46.5,45.5,1.0,46.5
1648032692999,79903631099,2018-02-18,9,1,325.5,318.5,7.0,46.5
1648032692999,79903631099,2018-03-19,6,1,36.41,34.41,1.0,36.41
1648032692999,79903631099,2018-03-28,5,1,109.22,103.22,3.0,36.41
1648032692999,79903631099,2018-04-15,8,1,54.4,54.4,1.0,54.4
1648032692999,79903631099,2018-06-05,7,1,54.4,54.4,1.0,54.4
1648032692999,79903631099,2018-06-19,4,1,38.16,37.16,1.0,38.16
1648032692999,79903631099,2018-07-14,4,1,24.16,24.16,1.0,24.16
1649072540899,22976009399,2017-05-09,2,1,31.94,31.94,1.0,31.94
1649072540899,22976009399,2017-05-21,10,1,18.26,18.26,1.0,18.26
1649072540899,22976009399,2017-06-03,3,1,57.76,57.76,1.0,57.76
1649072540899,22976009399,2017-06-05,4,1,39.42,39.42,1.0,39.42
1649072540899,22976009399,2017-06-17,5,1,36.41,34.41,1.0,36.41
1649072540899,22976009399,2017-07-14,9,1,31.94,31.94,1.0,31.94
1649072540899,22976009399,2017-10-11,6,1,24.16,24.16,1.0,24.16
1649072540899,22976009399,2017-11-08,6,1,45.49,45.49,1.0,45.49
1649072540899,22976009399,2017-12-24,1,1,56.46,56.46,1.0,56.46
1649072540899,22976009399,2017-12-26,4,1,69.0,69.0,2.0,34.5
1649072540899,22976009399,2018-01-19,1,1,41.88,41.88,1.0,41.88
1649072540899,22976009399,2018-02-14,6,1,93.0,91.0,2.0,46.5
1649072540899,22976009399,2018-07-10,8,1,38.16,37.16,1.0,38.16
1649072540899,22976009399,2018-07-25,6,1,45.49,45.49,1.0,45.49
1650022660199,51316220799,2017-05-24,8,1,25.91,25.91,1.0,25.91
1650022660199,51316220799,2017-06-16,5,1,18.26,18.26,1.0,18.26
1650022660199,51316220799,2017-06-19,2,1,34.5,34.5,1.0,34.5
1650022660199,51316220799,2017-11-08,6,1,31.94,31.94,1.0,31.94
1650022660199,51316220799,2017-12-24,3,1,18.26,18.26,1.0,18.26
1650022660199,51316220799,2018-02-12,1,1,25.91,25.91,1.0,25.91
1650022660199,51316220799,2018-03-18,10,1,39.42,39.42,1.0,39.42
1650022660199,51316220799,2018-05-28,5,1,15.34,15.34,1.0,15.34
1650022660199,51316220799,2018-06-02,7,1,38.16,37.16,1.0,38.16
1650022660199,51316220799,2018-06-03,1,1,15.34,15.34,1.0,15.34
1650022660199,51316220799,2018-06-24,8,1,31.94,31.94,1.0,31.94
1650090155899,32800870099,2017-05-06,8,1,163.19,163.19,3.0,54.4
1650090155899,32800870099,2017-06-09,10,1,56.46,56.46,1.0,56.46
1650090155899,32800870099,2017-07-30,5,1,15.34,15.34,1.0,15.34
1650090155899,32800870099,2017-10-10,6,1,169.38,169.38,3.0,56.46
1650090155899,32800870099,2017-11-05,1,1,39.42,39.42,1.0,39.42
1650090155899,32800870099,2017-11-13,9,1,28.54,28.54,1.0,28.54
1650090155899,32800870099,2017-12-23,5,1,54.4,54.4,1.0,54.4
1650090155899,32800870099,2017-12-27,5,1,39.42,39.42,1.0,39.42
1650090155899,32800870099,2018-01-13,3,1,46.5,45.5,1.0,46.5
1650090155899,32800870099,2018-01-24,2,1,404.29,404.29,7.0,57.76
1650090155899,32800870099,2018-04-05,6,1,39.42,39.42,1.0,39.42
1650090155899,32800870099,2018-05-12,2,1,24.16,24.16,1.0,24.16
1650090155899,32800870099,2018-05-27,9,1,18.26,18.26,1.0,18.26
1651092458099,32819586299,2017-08-29,6,1,18.26,18.26,1.0,18.26
1651092458099,32819586299,2017-10-21,5,1,34.5,34.5,1.0,34.5
1651092458099,32819586299,2017-10-27,10,1,36.41,34.41,1.0,36.41
1651092458099,32819586299,2018-01-12,4,1,56.46,56.46,1.0,56.46
1651092458099,32819586299,2018-05-10,7,1,28.54,28.54,1.0,28.54
1651092458099,32819586299,2018-07-09,1,1,318.44,318.44,7.0,45.49
1651092458099,32819586299,2018-07-24,4,1,48.31,48.31,2.0,24.16
1652011081399,44777928599,2017-05-07,9,1,34.5,34.5,1.0,34.5
1652011081399,44777928599,2017-06-14,4,1,28.54,28.54,1.0,28.54
1652011081399,44777928599,2017-06-21,5,1,45.49,45.49,1.0,45.49
1652011081399,44777928599,2017-07-07,2,1,72.82,68.82,2.0,36.41
1652011081399,44777928599,2017-09-21,6,1,169.38,169.38,3.0,56.46
1652011081399,44777928599,2017-10-14,4,1,39.42,39.42,1.0,39.42
1652011081399,44777928599,2017-10-14,6,1,24.16,24.16,1.0,24.16
1652011081399,44777928599,2017-10-19,4,1,57.76,57.76,1.0,57.76
1652011081399,44777928599,2017-11-08,3,1,41.88,41.88,1.0,41.88
1652011081399,44777928599,2017-12-05,9,3,25.91,25.91,1.0,25.91
1652011081399,44777928599,2018-01-05,10,1,38.16,37.16,1.0,38.16
1652011081399,44777928599,2018-06-05,3,1,152.64,148.64,4.0,38.16
1652011081399,44777928599,2018-06-17,9,1,57.07,57.07,2.0,28.54
1652011081399,44777928599,2018-06-24,1,1,54.4,54.4,1.0,54.4
1652011081399,44777928599,2018-07-14,9,1,56.46,56.46,1.0,56.46
1652011081399,44777928599,2018-07-15,9,1,56.46,56.46,1.0,56.46
1652120836899,6233952299,2017-05-26,4,1,57.76,57.76,1.0,57.76
1652120836899,6233952299,2017-05-28,5,1,34.5,34.5,1.0,34.5
1652120836899,6233952299,2017-07-24,10,1,77.72,77.72,3.0,25.91
1652120836899,6233952299,2017-08-28,3,1,54.4,54.4,1.0,54.4
1652120836899,6233952299,2017-09-30,6,1,90.98,90.98,2.0,45.49
1652120836899,6233952299,2017-10-14,3,1,39.42,39.42,1.0,39.42
1652120836899,6233952299,2017-12-26,3,1,25.91,25.91,1.0,25.91
1652120836899,6233952299,2018-02-20,3,1,93.0,91.0,2.0,46.5
1652120836899,6233952299,2018-02-23,5,1,18.26,18.26,1.0,18.26
1652120836899,6233952299,2018-03-08,8,1,31.94,31.94,1.0,31.94
1652120836899,6233952299,2018-07-01,6,1,31.94,31.94,1.0,31.94
1652120836899,6233952299,2018-07-11,6,1,31.94,31.94,1.0,31.94
1652120836899,6233952299,2018-07-19,9,1,34.5,34.5,1.0,34.5
1653070255799,76954778599,2017-06-20,5,3,36.41,34.41,1.0,36.41
1653070255799,76954778599,2017-06-20,6,1,18.26,18.26,1.0,18.26
1653070255799,76954778599,2017-08-03,2,1,380.77,380.77,7.0,54.4
1653070255799,76954778599,2017-09-11,1,1,36.41,34.41,1.0,36.41
1653070255799,76954778599,2017-10-08,7,1,25.91,25.91,1.0,25.91
1653070255799,76954778599,2018-02-08,8,1,34.5,34.5,1.0,34.5
1653070255799,76954778599,2018-05-13,5,1,267.12,260.12,7.0,38.16
1653070255799,76954778599,2018-06-02,2,1,18.26,18.26,1.0,18.26
1656011653799,99355627099,2017-05-07,2,1,45.49,45.49,1.0,45.49
1656011653799,99355627099,2017-07-10,7,1,169.09,169.09,7.0,24.16
1656011653799,99355627099,2017-12-03,10,1,18.26,18.26,1.0,18.26
1656011653799,99355627099,2018-01-15,2,1,24.16,24.16,1.0,24.16
1658042598199,62999140399,2017-05-30,6,1,15.34,15.34,1.0,15.34
1658042598199,62999140399,2017-06-24,6,1,28.54,28.54,1.0,28.54
1658042598199,62999140399,2017-07-18,4,1,39.42,39.42,1.0,39.42
1658042598199,62999140399,2017-07-27,4,1,54.4,54.4,1.0,54.4
1658042598199,62999140399,2017-09-02,8,1,31.94,31.94,1.0,31.94
1658042598199,62999140399,2017-09-05,6,1,125.64,125.64,3.0,41.88
1658042598199,62999140399,2017-09-30,7,1,90.98,90.98,2.0,45.49
1658042598199,62999140399,2017-11-16,8,1,56.46,56.46,1.0,56.46
1658042598199,62999140399,2017-11-17,4,1,231.02,231.02,4.0,57.76
1658042598199,62999140399,2017-12-05,6,1,231.02,231.02,4.0,57.76
1658042598199,62999140399,2017-12-21,3,1,54.4,54.4,1.0,54.4
1658042598199,62999140399,2018-01-24,1,1,31.94,31.94,1.0,31.94
1658042598199,62999140399,2018-02-17,9,1,24.16,24.16,1.0,24.16
1658042598199,62999140399,2018-03-07,7,1,41.88,41.88,1.0,41.88
1658042598199,62999140399,2018-03-22,10,1,186.0,182.0,4.0,46.5
1658042598199,62999140399,2018-03-28,10,1,24.16,24.16,1.0,24.16
1658042598199,62999140399,2018-04-06,3,1,56.46,56.46,1.0,56.46
1658042598199,62999140399,2018-05-05,6,1,56.46,56.46,1.0,56.46
1658042598199,62999140399,2018-05-11,4,1,34.5,34.5,1.0,34.5
1658042598199,62999140399,2018-06-15,8,1,25.91,25.91,1.0,25.91
1658042598199,62999140399,2018-06-28,3,1,24.16,24.16,1.0,24.16
1658042598199,62999140399,2018-07-16,1,1,28.54,28.54,1.0,28.54
1658122710099,97820077399,2017-07-13,7,1,24.16,24.16,1.0,24.16
1658122710099,97820077399,2017-07-22,5,1,54.4,54.4,1.0,54.4
1658122710099,97820077399,2017-09-10,7,1,18.26,18.26,1.0,18.26
1658122710099,97820077399,2017-10-20,9,1,38.16,37.16,1.0,38.16
1658122710099,97820077399,2017-11-01,5,1,114.14,114.14,4.0,28.54
1658122710099,97820077399,2017-11-05,6,1,38.16,37.16,1.0,38.16
1658122710099,97820077399,2017-11-11,10,1,45.49,45.49,1.0,45.49
1658122710099,97820077399,2018-01-10,6,1,57.76,57.76,1.0,57.76
1658122710099,97820077399,2018-02-19,10,1,318.44,318.44,7.0,45.49
1658122710099,97820077399,2018-03-07,9,1,56.46,56.46,1.0,56.46
1658122710099,97820077399,2018-04-19,7,1,36.41,34.41,1.0,36.41
1658122710099,97820077399,2018-04-29,5,1,39.42,39.42,1.0,39.42
1658122710099,97820077399,2018-04-30,2,1,51.82,51.82,2.0,25.91
1658122710099,97820077399,2018-05-01,5,1,15.34,15.34,1.0,15.34
1658122710099,97820077399,2018-06-18,2,1,169.09,169.09,7.0,24.16
1658122710099,97820077399,2018-07-18,1,1,38.16,37.16,1.0,38.16
1659041581499,40606096099,2017-10-11,4,1,77.72,77.72,3.0,25.91
1659041581499,40606096099,2017-11-01,1,1,18.26,18.26,1.0,18.26
1659041581499,40606096099,2017-12-08,3,1,41.88,41.88,1.0,41.88
1659041581499,40606096099,2018-01-07,6,1,41.88,41.88,1.0,41.88
1659041581499,40606096099,2018-02-03,6,1,34.5,34.5,1.0,34.5
1659041581499,40606096099,2018-07-03,1,1,18.26,18.26,1.0,18.26
1661112494199,28342384899,2017-05-23,5,1,38.16,37.16,1.0,38.16
1661112494199,28342384899,2017-08-23,6,1,28.54,28.54,1.0,28.54
1661112494199,28342384899,2017-11-12,5,1,15.34,15.34,1.0,15.34
1661112494199,28342384899,2017-11-12,6,1,24.16,24.16,1.0,24.16
1661112494199,28342384899,2018-02-09,8,1,46.5,45.5,1.0,46.5
1661112494199,28342384899,2018-03-22,3,1,293.16,293.16,7.0,41.88
1661112494199,28342384899,2018-04-04,8,1,38.16,37.16,1.0,38.16
1661112494199,28342384899,2018-07-12,5,3,46.5,45.5,1.0,46.5
1661112494199,65801188599,2017-05-01,4,1,41.88,41.88,1.0,41.88
1661112494199,65801188599,2017-05-30,9,1,54.4,54.4,1.0,54.4
1661112494199,65801188599,2017-06-03,1,1,25.91,25.91,1.0,25.91
1661112494199,65801188599,2017-07-04,5,1,36.41,34.41,1.0,36.41
1661112494199,65801188599,2017-10-03,9,1,25.91,25.91,1.0,25.91
1661112494199,65801188599,2018-01-04,10,1,24.16,24.16,1.0,24.16
1661112494199,65801188599,2018-01-11,10,1,34.5,34.5,1.0,34.5
1661112494199,65801188599,2018-02-16,4,1,41.88,41.88,1.0,41.88
1661112494199,65801188599,2018-04-24,7,3,18.26,18.26,1.0,18.26
1661112494199,65801188599,2018-05-13,4,1,25.91,25.91,1.0,25.91
1663011530099,91902775799,2017-06-18,4,1,25.91,25.91,1.0,25.91
1663011530099,91902775799,2017-07-30,5,1,56.46,56.46,1.0,56.46
1663011530099,91902775799,2017-08-15,8,1,57.76,57.76,1.0,57.76
1663011530099,91902775799,2017-09-06,3,1,15.34,15.34,1.0,15.34
1663011530099,91902775799,2017-10-02,3,1,56.46,56.46,1.0,56.46
1663011530099,91902775799,2017-10-25,7,1,56.46,56.46,1.0,56.46
1663011530099,91902775799,2017-11-23,5,1,217.58,217.58,4.0,54.4
1663011530099,91902775799,2017-12-10,4,1,31.94,31.94,1.0,31.94
1663011530099,91902775799,2018-02-13,10,1,41.88,41.88,1.0,41.88
1663011530099,91902775799,2018-03-27,7,1,15.34,15.34,1.0,15.34
1669081022999,8694598599,2017-05-09,4,3,24.16,24.16,1.0,24.16
1669081022999,8694598599,2017-05-29,8,1,39.42,39.42,1.0,39.42
1669081022999,8694598599,2017-07-03,7,1,25.91,25.91,1.0,25.91
1669081022999,8694598599,2017-07-24,3,1,56.46,56.46,1.0,56.46
1669081022999,8694598599,2017-08-10,9,1,45.49,45.49,1.0,45.49
1669081022999,8694598599,2018-01-16,10,1,45.49,45.49,1.0,45.49
1669081022999,8694598599,2018-01-24,9,1,34.5,34.5,1.0,34.5
1669081022999,8694598599,2018-02-16,3,1,54.4,54.4,1.0,54.4
1669081022999,8694598599,2018-03-13,9,1,56.46,56.46,1.0,56.46
1669081022999,8694598599,2018-03-22,10,1,36.41,34.41,1.0,36.41
1669081022999,8694598599,2018-04-03,3,1,31.94,31.94,1.0,31.94
1669081022999,8694598599,2018-05-03,5,1,15.34,15.34,1.0,15.34
1669081022999,8694598599,2018-05-26,8,1,15.34,15.34,1.0,15.34
1669081022999,8694598599,2018-06-12,9,1,103.63,103.63,4.0,25.91
1669081022999,8694598599,2018-07-06,2,1,115.51,115.51,2.0,57.76
1670030321199,73276427999,2017-07-01,9,1,31.94,31.94,1.0,31.94
1670030321199,73276427999,2017-08-22,9,1,34.5,34.5,1.0,34.5
1670030321199,73276427999,2017-12-03,2,1,31.94,31.94,1.0,31.94
1670030321199,73276427999,2018-02-09,5,1,54.4,54.4,1.0,54.4
1670030321199,73276427999,2018-03-09,1,1,34.5,34.5,1.0,34.5
1670030321199,73276427999,2018-04-24,9,1,28.54,28.54,1.0,28.54
1670030321199,73276427999,2018-05-29,1,1,56.46,56.46,1.0,56.46
1670030321199,73276427999,2018-06-25,5,1,56.46,56.46,1.0,56.46
1670030321199,73276427999,2018-06-28,8,1,36.41,34.41,1.0,36.41
1671011715899,96338712999,2017-09-18,2,1,125.64,125.64,3.0,41.88
1671011715899,96338712999,2017-10-18,5,1,24.16,24.16,1.0,24.16
1671011715899,96338712999,2017-11-22,1,1,56.46,56.46,1.0,56.46
1671011715899,96338712999,2017-12-30,2,1,25.91,25.91,1.0,25.91
1671011715899,96338712999,2018-02-12,1,1,31.94,31.94,1.0,31.94
1671011715899,96338712999,2018-02-13,10,1,54.4,54.4,1.0,54.4
1671011715899,96338712999,2018-02-26,1,1,46.5,45.5,1.0,46.5
1671011715899,96338712999,2018-03-01,1,1,56.46,56.46,1.0,56.46
1671011715899,96338712999,2018-03-15,6,1,57.76,57.76,1.0,57.76
1671011715899,96338712999,2018-03-17,9,1,217.58,217.58,4.0,54.4
1671011715899,96338712999,2018-04-14,8,1,38.16,37.16,1.0,38.16
1671011715899,96338712999,2018-04-22,9,1,57.76,57.76,1.0,57.76
1671011715899,96338712999,2018-07-11,9,1,54.4,54.4,1.0,54.4
1671011715899,96338712999,2018-07-16,2,1,31.94,31.94,1.0,31.94
1672031232999,99470078299,2017-06-05,9,1,54.4,54.4,1.0,54.4
1672031232999,99470078299,2017-06-13,10,1,28.54,28.54,1.0,28.54
1672031232999,99470078299,2017-07-04,9,1,115.51,115.51,2.0,57.76
1672031232999,99470078299,2017-07-20,4,1,56.46,56.46,1.0,56.46
1672031232999,99470078299,2017-07-30,1,1,54.4,54.4,1.0,54.4
1672031232999,99470078299,2017-09-20,7,1,56.46,56.46,1.0,56.46
1672031232999,99470078299,2017-10-20,7,1,254.86,240.86,7.0,36.41
1672031232999,99470078299,2018-01-09,5,1,18.26,18.26,1.0,18.26
1672031232999,99470078299,2018-01-20,4,1,28.54,28.54,1.0,28.54
1672031232999,99470078299,2018-03-27,3,1,18.26,18.26,1.0,18.26
1672052972699,66736159399,2017-05-05,4,1,46.5,45.5,1.0,46.5
1672052972699,66736159399,2017-06-10,5,1,45.49,45.49,1.0,45.49
1672052972699,66736159399,2017-07-11,10,1,73.06,73.06,4.0,18.26
1672052972699,66736159399,2017-09-08,1,1,25.91,25.91,1.0,25.91
1672052972699,66736159399,2017-09-15,8,1,46.5,45.5,1.0,46.5
1672052972699,66736159399,2017-11-30,2,1,57.76,57.76,1.0,57.76
1672052972699,66736159399,2017-11-30,6,1,57.76,57.76,1.0,57.76
1672052972699,66736159399,2018-01-02,5,1,24.16,24.16,1.0,24.16
1672052972699,66736159399,2018-01-02,7,1,57.76,57.76,1.0,57.76
1672052972699,66736159399,2018-01-28,6,1,36.41,34.41,1.0,36.41
1672052972699,66736159399,2018-02-12,3,1,38.16,37.16,1.0,38.16
1672052972699,66736159399,2018-02-13,8,1,45.49,45.49,1.0,45.49
1672052972699,66736159399,2018-05-29,2,1,57.76,57.76,1.0,57.76
1672052972699,66736159399,2018-06-03,5,1,45.49,45.49,1.0,45.49
1672052972699,66736159399,2018-07-13,6,1,46.5,45.5,1.0,46.5
1673040253999,91589091699,2017-07-05,2,1,25.91,25.91,1.0,25.91
1673040253999,91589091699,2017-08-09,6,1,28.54,28.54,1.0,28.54
1673040253999,91589091699,2017-11-19,2,1,157.68,157.68,4.0,39.42
1673040253999,91589091699,2017-12-31,6,1,56.46,56.46,1.0,56.46
1673040253999,91589091699,2018-02-22,6,1,15.34,15.34,1.0,15.34
1673040253999,91589091699,2018-03-29,4,1,57.76,57.76,1.0,57.76
1673040253999,91589091699,2018-04-01,10,1,24.16,24.16,1.0,24.16
1673040253999,91589091699,2018-05-08,6,1,57.76,57.76,1.0,57.76
1673040253999,91589091699,2018-07-02,6,1,48.31,48.31,2.0,24.16
1673040253999,91589091699,2018-07-03,3,1,31.94,31.94,1.0,31.94
1673040610699,88367561299,2017-05-17,5,3,15.34,15.34,1.0,15.34
1673040610699,88367561299,2017-06-06,5,1,34.5,34.5,1.0,34.5
1673040610699,88367561299,2017-06-14,8,1,28.54,28.54,1.0,28.54
1673040610699,88367561299,2017-06-28,5,1,45.49,45.49,1.0,45.49
1673040610699,88367561299,2017-06-30,8,1,39.42,39.42,1.0,39.42
1673040610699,88367561299,2017-07-20,7,1,31.94,31.94,1.0,31.94
1673040610699,88367561299,2017-08-17,7,1,39.42,39.42,1.0,39.42
1673040610699,88367561299,2017-09-04,8,1,380.77,380.77,7.0,54.4
1673040610699,88367561299,2017-09-13,4,1,38.16,37.16,1.0,38.16
1673040610699,88367561299,2017-11-08,7,1,25.91,25.91,1.0,25.91
1673040610699,88367561299,2017-11-13,1,1,54.4,54.4,1.0,54.4
1673040610699,88367561299,2018-01-04,9,1,38.16,37.16,1.0,38.16
1673040610699,88367561299,2018-01-21,10,1,56.46,56.46,1.0,56.46
1673040610699,88367561299,2018-01-22,10,1,108.79,108.79,2.0,54.4
1673040610699,88367561299,2018-01-25,7,1,56.46,56.46,1.0,56.46
1673040610699,88367561299,2018-01-29,4,1,36.41,34.41,1.0,36.41
1673040610699,88367561299,2018-02-12,9,1,24.16,24.16,1.0,24.16
1673040610699,88367561299,2018-02-17,9,1,25.91,25.91,1.0,25.91
1673040610699,88367561299,2018-03-02,1,1,31.94,31.94,1.0,31.94
1673040610699,88367561299,2018-03-17,1,1,57.76,57.76,1.0,57.76
1673040610699,88367561299,2018-04-14,9,1,217.58,217.58,4.0,54.4
1673040610699,88367561299,2018-07-05,7,1,127.85,127.85,7.0,18.26
1674112594599,84237647199,2017-06-01,9,1,28.54,28.54,1.0,28.54
1674112594599,84237647199,2017-06-03,4,1,56.46,56.46,1.0,56.46
1674112594599,84237647199,2017-06-05,4,1,25.91,25.91,1.0,25.91
1674112594599,84237647199,2017-07-29,10,1,36.41,34.41,1.0,36.41
1674112594599,84237647199,2017-10-31,5,1,152.64,148.64,4.0,38.16
1674112594599,84237647199,2017-12-16,1,1,46.5,45.5,1.0,46.5
1674112594599,84237647199,2018-02-17,1,1,31.94,31.94,1.0,31.94
1674112594599,84237647199,2018-02-17,4,1,34.5,34.5,1.0,34.5
1674112594599,84237647199,2018-02-19,3,1,41.88,41.88,1.0,41.88
1674112594599,84237647199,2018-02-28,3,1,45.49,45.49,1.0,45.49
1674112594599,84237647199,2018-03-29,6,1,36.41,34.41,1.0,36.41
1674112594599,84237647199,2018-04-20,1,1,34.5,34.5,1.0,34.5
1674112594599,84237647199,2018-06-19,7,1,34.5,34.5,1.0,34.5
1674112594599,84237647199,2018-06-28,8,1,36.41,34.41,1.0,36.41
1674112594599,84237647199,2018-07-07,4,1,38.16,37.16,1.0,38.16
1675101876999,92644824299,2017-06-02,1,1,28.54,28.54,1.0,28.54
1675101876999,92644824299,2017-08-24,2,1,181.97,181.97,4.0,45.49
1675101876999,92644824299,2017-09-04,2,1,56.46,56.46,1.0,56.46
1675101876999,92644824299,2017-10-27,2,1,24.16,24.16,1.0,24.16
1675101876999,92644824299,2017-12-11,8,1,34.5,34.5,1.0,34.5
1675101876999,92644824299,2018-02-26,1,1,56.46,56.46,1.0,56.46
1675101876999,92644824299,2018-05-04,6,1,36.41,34.41,1.0,36.41
1675101876999,92644824299,2018-05-06,10,1,36.41,34.41,1.0,36.41
1675101876999,92644824299,2018-05-15,1,1,41.88,41.88,1.0,41.88
1675101876999,92644824299,2018-05-28,5,1,163.19,163.19,3.0,54.4
1675101876999,92644824299,2018-05-29,2,1,186.0,182.0,4.0,46.5
1676093075899,13930565999,2017-05-12,2,1,18.26,18.26,1.0,18.26
1676093075899,13930565999,2017-05-20,2,1,45.49,45.49,1.0,45.49
1676093075899,13930565999,2017-05-31,2,1,24.16,24.16,1.0,24.16
1676093075899,13930565999,2017-06-03,5,1,46.5,45.5,1.0,46.5
1676093075899,13930565999,2017-07-29,6,1,38.16,37.16,1.0,38.16
1676093075899,13930565999,2017-10-04,6,1,39.42,39.42,1.0,39.42
1676093075899,13930565999,2017-10-18,9,1,41.88,41.88,1.0,41.88
1676093075899,13930565999,2017-10-24,10,1,169.38,169.38,3.0,56.46
1676093075899,13930565999,2017-12-12,3,1,41.88,41.88,1.0,41.88
1676093075899,13930565999,2018-01-08,9,3,34.5,34.5,1.0,34.5
1676093075899,13930565999,2018-02-13,7,1,39.42,39.42,1.0,39.42
1676093075899,13930565999,2018-06-29,4,1,28.54,28.54,1.0,28.54
1679041978999,25646559499,2017-05-31,2,1,18.26,18.26,1.0,18.26
1679041978999,25646559499,2017-08-29,6,1,39.42,39.42,1.0,39.42
1679041978999,25646559499,2017-12-06,1,1,54.4,54.4,1.0,54.4
1679041978999,25646559499,2018-04-14,6,1,54.4,54.4,1.0,54.4
1679041978999,72449987899,2017-07-04,2,1,103.5,103.5,3.0,34.5
1679041978999,72449987899,2017-09-28,7,1,63.88,63.88,2.0,31.94
1679041978999,72449987899,2017-10-22,9,1,169.38,169.38,3.0,56.46
1679041978999,72449987899,2017-12-15,9,1,25.91,25.91,1.0,25.91
1679041978999,72449987899,2018-02-15,2,1,31.94,31.94,1.0,31.94
1679041978999,72449987899,2018-02-20,10,1,46.5,45.5,1.0,46.5
1679041978999,72449987899,2018-04-10,10,1,28.54,28.54,1.0,28.54
1679041978999,72449987899,2018-04-20,7,3,275.94,275.94,7.0,39.42
1681110262999,71548768099,2017-05-08,1,1,85.61,85.61,3.0,28.54
1681110262999,71548768099,2017-05-10,9,1,136.48,136.48,3.0,45.49
1681110262999,71548768099,2017-05-24,1,1,24.16,24.16,1.0,24.16
1681110262999,71548768099,2017-05-27,7,1,34.5,34.5,1.0,34.5
1681110262999,71548768099,2017-06-07,4,1,56.46,56.46,1.0,56.46
1681110262999,71548768099,2017-06-11,4,1,18.26,18.26,1.0,18.26
1681110262999,71548768099,2017-06-11,7,1,25.91,25.91,1.0,25.91
1681110262999,71548768099,2017-07-15,10,1,24.16,24.16,1.0,24.16
1681110262999,71548768099,2017-08-08,6,1,36.41,34.41,1.0,36.41
1681110262999,71548768099,2017-08-12,8,1,31.94,31.94,1.0,31.94
1681110262999,71548768099,2017-08-28,4,1,25.91,25.91,1.0,25.91
1681110262999,71548768099,2017-09-17,9,1,24.16,24.16,1.0,24.16
1681110262999,71548768099,2017-11-07,8,1,25.91,25.91,1.0,25.91
1681110262999,71548768099,2017-11-08,10,1,25.91,25.91,1.0,25.91
1681110262999,71548768099,2017-12-03,3,1,152.64,148.64,4.0,38.16
1681110262999,71548768099,2018-01-12,9,1,254.86,240.86,7.0,36.41
1681110262999,71548768099,2018-02-17,2,1,15.34,15.34,1.0,15.34
1681110262999,71548768099,2018-02-21,5,1,28.54,28.54,1.0,28.54
1681110262999,71548768099,2018-02-28,10,1,54.4,54.4,1.0,54.4
1681110262999,71548768099,2018-03-05,2,1,28.54,28.54,1.0,28.54
1681110262999,71548768099,2018-03-15,6,1,31.94,31.94,1.0,31.94
1681110262999,71548768099,2018-03-22,5,1,76.32,74.32,2.0,38.16
1681110262999,71548768099,2018-06-01,1,1,275.94,275.94,7.0,39.42
1681110262999,71548768099,2018-06-11,4,1,38.16,37.16,1.0,38.16
1681110262999,71548768099,2018-07-20,1,1,18.26,18.26,1.0,18.26
1681110262999,71548768099,2018-07-20,4,1,15.34,15.34,1.0,15.34
1683073054699,94365889499,2017-05-06,10,1,34.5,34.5,1.0,34.5
1683073054699,94365889499,2017-06-03,5,1,25.91,25.91,1.0,25.91
1683073054699,94365889499,2017-06-08,6,3,56.46,56.46,1.0,56.46
1683073054699,94365889499,2017-07-21,2,1,127.78,127.78,4.0,31.94
1683073054699,94365889499,2017-08-13,7,1,36.41,34.41,1.0,36.41
1683073054699,94365889499,2017-08-13,9,1,25.91,25.91,1.0,25.91
1683073054699,94365889499,2017-09-10,6,1,56.46,56.46,1.0,56.46
1683073054699,94365889499,2017-09-17,1,1,28.54,28.54,1.0,28.54
1683073054699,94365889499,2017-09-20,10,1,28.54,28.54,1.0,28.54
1683073054699,94365889499,2017-09-26,7,1,15.34,15.34,1.0,15.34
1683073054699,94365889499,2017-10-16,7,1,41.88,41.88,1.0,41.88
1683073054699,94365889499,2017-11-01,7,1,69.0,69.0,2.0,34.5
1683073054699,94365889499,2017-11-14,5,1,57.76,57.76,1.0,57.76
1683073054699,94365889499,2018-01-10,10,1,395.22,395.22,7.0,56.46
1683073054699,94365889499,2018-02-07,10,1,34.5,34.5,1.0,34.5
1683073054699,94365889499,2018-02-21,1,1,69.0,69.0,2.0,34.5
1683073054699,94365889499,2018-04-11,6,1,72.47,72.47,3.0,24.16
1683073054699,94365889499,2018-05-12,1,1,39.42,39.42,1.0,39.42
1683073054699,94365889499,2018-05-30,9,1,31.94,31.94,1.0,31.94
1683073054699,94365889499,2018-06-14,4,1,15.34,15.34,1.0,15.34
1683073054699,94365889499,2018-06-18,5,1,41.88,41.88,1.0,41.88
1683073054699,94365889499,2018-07-02,10,1,45.49,45.49,1.0,45.49
1684051320999,66588777799,2017-06-04,1,1,57.76,57.76,1.0,57.76
1684051320999,66588777799,2017-06-27,8,1,56.46,56.46,1.0,56.46
1684051320999,66588777799,2017-07-20,4,1,54.79,54.79,3.0,18.26
1684051320999,66588777799,2017-09-24,7,1,34.5,34.5,1.0,34.5
1684051320999,66588777799,2017-11-21,3,1,56.46,56.46,1.0,56.46
1684051320999,66588777799,2017-12-17,2,1,15.34,15.34,1.0,15.34
1684051320999,66588777799,2017-12-30,10,1,34.5,34.5,1.0,34.5
1684051320999,66588777799,2018-02-13,7,1,41.88,41.88,1.0,41.88
1684051320999,66588777799,2018-06-15,1,1,57.07,57.07,2.0,28.54
1685040880699,26496615699,2017-05-10,6,1,41.88,41.88,1.0,41.88
1685040880699,26496615699,2017-06-07,4,3,136.48,136.48,3.0,45.49
1685040880699,26496615699,2017-10-02,9,1,34.5,34.5,1.0,34.5
1685040880699,26496615699,2017-10-22,8,1,34.5,34.5,1.0,34.5
1685040880699,26496615699,2018-01-13,1,1,45.49,45.49,1.0,45.49
1685040880699,26496615699,2018-02-19,7,1,56.46,56.46,1.0,56.46
1685040880699,26496615699,2018-02-22,7,1,15.34,15.34,1.0,15.34
1685040880699,26496615699,2018-03-24,2,1,18.26,18.26,1.0,18.26
1685040880699,26496615699,2018-03-29,1,1,18.26,18.26,1.0,18.26
1685052923299,6871626099,2017-08-10,3,1,56.46,56.46,1.0,56.46
1685052923299,6871626099,2017-10-09,8,1,28.54,28.54,1.0,28.54
1685052923299,6871626099,2018-03-04,7,1,56.46,56.46,1.0,56.46
1685052923299,6871626099,2018-03-26,9,1,38.16,37.16,1.0,38.16
1685052923299,6871626099,2018-05-12,3,1,41.88,41.88,1.0,41.88
1685052923299,6871626099,2018-05-31,2,1,254.86,240.86,7.0,36.41
1688022838499,79838582699,2017-06-28,7,1,139.5,136.5,3.0,46.5
1688022838499,79838582699,2017-07-26,7,1,39.42,39.42,1.0,39.42
1688022838499,79838582699,2017-09-26,7,1,56.46,56.46,1.0,56.46
1688022838499,79838582699,2017-11-04,6,1,24.16,24.16,1.0,24.16
1688022838499,79838582699,2017-12-31,10,1,15.34,15.34,1.0,15.34
1688022838499,79838582699,2018-01-06,4,1,38.16,37.16,1.0,38.16
1688022838499,79838582699,2018-01-07,8,1,46.5,45.5,1.0,46.5
1688022838499,79838582699,2018-02-03,7,1,24.16,24.16,1.0,24.16
1688022838499,79838582699,2018-03-14,3,1,56.46,56.46,1.0,56.46
1688022838499,79838582699,2018-04-11,10,1,45.49,45.49,1.0,45.49
1688022838499,79838582699,2018-04-21,8,3,41.88,41.88,1.0,41.88
1688022838499,79838582699,2018-04-29,8,1,57.76,57.76,1.0,57.76
1688022838499,79838582699,2018-04-30,2,1,46.5,45.5,1.0,46.5
1688022838499,79838582699,2018-05-01,3,1,28.54,28.54,1.0,28.54
1689120589199,9502970899,2017-05-03,9,1,39.42,39.42,1.0,39.42
1689120589199,9502970899,2017-05-12,8,1,34.5,34.5,1.0,34.5
1689120589199,9502970899,2017-08-03,10,1,45.49,45.49,1.0,45.49
1689120589199,9502970899,2017-09-04,4,1,36.41,34.41,1.0,36.41
1689120589199,9502970899,2017-09-30,1,1,115.52,115.52,2.0,57.76
1689120589199,9502970899,2017-11-10,6,1,54.4,54.4,1.0,54.4
1689120589199,9502970899,2017-12-30,8,1,41.88,41.88,1.0,41.88
1689120589199,9502970899,2018-02-10,4,1,57.76,57.76,1.0,57.76
1689120589199,9502970899,2018-03-06,2,1,34.5,34.5,1.0,34.5
1689120589199,9502970899,2018-03-20,10,1,231.02,231.02,4.0,57.76
1689120589199,9502970899,2018-03-28,2,1,125.64,125.64,3.0,41.88
1689120589199,9502970899,2018-05-17,3,1,36.41,34.41,1.0,36.41
1689120589199,9502970899,2018-07-28,7,1,254.86,240.86,7.0,36.41
1690011532099,47209937199,2017-06-02,9,1,31.94,31.94,1.0,31.94
1690011532099,47209937199,2017-06-04,9,3,28.54,28.54,1.0,28.54
1690011532099,47209937199,2017-08-05,6,1,45.49,45.49,1.0,45.49
1690011532099,47209937199,2017-09-18,1,1,85.61,85.61,3.0,28.54
1690011532099,47209937199,2018-01-28,6,1,28.54,28.54,1.0,28.54
1690011532099,47209937199,2018-03-12,4,1,36.41,34.41,1.0,36.41
1690011532099,47209937199,2018-03-15,4,1,15.34,15.34,1.0,15.34
1690011532099,47209937199,2018-05-05,9,1,46.5,45.5,1.0,46.5
1690011532099,47209937199,2018-05-12,4,1,25.91,25.91,1.0,25.91
1690011532099,47209937199,2018-05-18,3,1,18.26,18.26,1.0,18.26
1690011532099,47209937199,2018-05-27,8,1,46.5,45.5,1.0,46.5
1690011532099,47209937199,2018-06-24,8,1,41.88,41.88,1.0,41.88
1690011532099,47209937199,2018-06-26,8,1,31.94,31.94,1.0,31.94
1690011532099,47209937199,2018-06-28,6,1,25.91,25.91,1.0,25.91
1690011532099,47209937199,2018-07-11,4,1,36.53,36.53,2.0,18.26
1690011532099,47209937199,2018-07-26,4,1,254.86,240.86,7.0,36.41
1691081114599,44311294199,2017-09-09,2,1,127.85,127.85,7.0,18.26
1691081114599,44311294199,2017-09-19,7,1,54.4,54.4,1.0,54.4
1691081114599,44311294199,2017-10-18,1,1,39.42,39.42,1.0,39.42
1691081114599,44311294199,2018-02-21,4,1,61.34,61.34,4.0,15.34
1691081114599,44311294199,2018-03-24,5,1,54.4,54.4,1.0,54.4
1691081114599,44311294199,2018-03-27,1,1,25.91,25.91,1.0,25.91
1691081114599,44311294199,2018-04-02,9,1,114.14,114.14,4.0,28.54
1691081114599,44311294199,2018-04-13,4,1,115.51,115.51,2.0,57.76
1691081114599,44311294199,2018-06-11,10,1,28.54,28.54,1.0,28.54
1691081114599,44311294199,2018-07-03,3,1,39.42,39.42,1.0,39.42
1691081114599,44311294199,2018-07-30,8,1,114.14,114.14,4.0,28.54
1691111910899,65664932099,2017-05-19,5,1,18.26,18.26,1.0,18.26
1691111910899,65664932099,2017-05-21,7,1,24.16,24.16,1.0,24.16
1691111910899,65664932099,2017-08-05,3,3,45.49,45.49,1.0,45.49
1691111910899,65664932099,2017-09-10,10,1,36.41,34.41,1.0,36.41
1691111910899,65664932099,2017-10-19,2,1,127.85,127.85,7.0,18.26
1691111910899,65664932099,2017-11-29,6,1,46.5,45.5,1.0,46.5
1691111910899,65664932099,2018-03-05,4,1,56.46,56.46,1.0,56.46
1691111910899,65664932099,2018-04-09,1,1,57.76,57.76,1.0,57.76
1691111910899,65664932099,2018-04-21,10,1,15.34,15.34,1.0,15.34
1691111910899,65664932099,2018-06-22,4,1,34.5,34.5,1.0,34.5
1695121920899,31274556699,2017-05-03,10,1,28.54,28.54,1.0,28.54
1695121920899,31274556699,2017-08-11,1,1,34.5,34.5,1.0,34.5
1695121920899,31274556699,2017-09-17,9,1,108.79,108.79,2.0,54.4
1695121920899,31274556699,2017-10-12,10,1,54.4,54.4,1.0,54.4
1695121920899,31274556699,2017-10-14,8,1,54.4,54.4,1.0,54.4
1695121920899,31274556699,2017-10-26,6,1,45.49,45.49,1.0,45.49
1695121920899,31274556699,2017-10-27,6,1,34.5,34.5,1.0,34.5
1695121920899,31274556699,2017-11-09,2,1,41.88,41.88,1.0,41.88
1695121920899,31274556699,2017-11-12,6,1,31.94,31.94,1.0,31.94
1695121920899,31274556699,2017-12-12,6,1,39.42,39.42,1.0,39.42
1695121920899,31274556699,2018-04-04,7,1,114.14,114.14,4.0,28.54
1696022459599,85973721499,2017-09-24,5,1,41.88,41.88,1.0,41.88
1696022459599,85973721499,2018-05-11,6,1,217.58,217.58,4.0,54.4
1696022459599,85973721499,2018-07-05,8,1,39.42,39.42,1.0,39.42
1696042362699,11216669699,2017-07-07,2,1,56.46,56.46,1.0,56.46
1696042362699,11216669699,2017-10-15,7,3,28.54,28.54,1.0,28.54
1696042362699,11216669699,2017-11-03,3,1,45.49,45.49,1.0,45.49
1696042362699,11216669699,2017-11-11,4,1,24.16,24.16,1.0,24.16
1696042362699,11216669699,2018-02-06,2,1,223.61,223.61,7.0,31.94
1696042362699,11216669699,2018-02-09,7,1,25.91,25.91,1.0,25.91
1696042362699,11216669699,2018-02-12,1,1,36.41,34.41,1.0,36.41
1696042362699,11216669699,2018-02-21,3,1,38.16,37.16,1.0,38.16
1696042362699,11216669699,2018-04-16,3,1,15.34,15.34,1.0,15.34
1696042362699,11216669699,2018-04-19,4,1,57.76,57.76,1.0,57.76
1696042362699,11216669699,2018-06-24,3,1,57.76,57.76,1.0,57.76
1696042362699,11216669699,2018-06-30,6,1,46.5,45.5,1.0,46.5
1696042362699,11216669699,2018-07-09,1,1,18.26,18.26,1.0,18.26
1696042362699,11216669699,2018-07-10,4,1,41.88,41.88,1.0,41.88
1696042362699,11216669699,2018-07-25,3,3,38.16,37.16,1.0,38.16
1698040467599,16961933299,2017-06-02,1,1,46.5,45.5,1.0,46.5
1698040467599,16961933299,2017-07-01,3,1,39.42,39.42,1.0,39.42
1698040467599,16961933299,2018-01-18,5,1,18.26,18.26,1.0,18.26
1698040467599,16961933299,2018-01-29,7,1,25.91,25.91,1.0,25.91
1698040467599,16961933299,2018-03-30,7,1,56.46,56.46,1.0,56.46
1698040467599,16961933299,2018-05-14,8,1,15.34,15.34,1.0,15.34
1698040467599,16961933299,2018-06-04,3,1,125.64,125.64,3.0,41.88
1698040467599,16961933299,2018-06-26,7,1,57.76,57.76,1.0,57.76
